person_id,person_id_to_meet
4,9;27;131;202;284;332;383;442;456;487
5,24;99;129;155;268;278;319;505;516;554
7,49;198;226;272;288;341;588;593;595;614
9,4;27;98;177;233;268;309;487;520;551
10,137;143;176;212;460;472;515;598;606;618
12,121;151;156;312;315;316;362;511;543;554
15,97;98;217;225;231;288;438;477;520;542
17,49;105;337;340;375;412;525;548;579;586
18,23;112;314;526;572;578;596;611;625;626
21,254;315;483;521;541;561;565;570;627;631
22,23;147;178;214;406;571;572;580;590;598
23,18;22;48;112;147;161;178;259;571;572
24,5;100;119;129;233;271;398;456;527;569
26,74;149;156;175;207;506;581;606;612;618
27,4;9;169;202;222;284;341;442;546;551
29,74;125;184;391;424;448;506;536;570;610
33,47;126;324;369;406;472;488;506;606;613
36,54;82;95;115;155;239;252;339;516;607
37,60;65;84;92;99;121;252;291;468;557
39,161;259;260;308;345;370;448;536;577;621
40,54;97;119;231;246;290;313;438;495;507
44,111;142;143;212;228;239;248;490;511;628
45,59;115;186;214;279;541;568;608;617;624
46,50;109;123;145;158;189;360;425;433;543
47,33;80;160;324;369;406;488;539;605;613
48,23;131;147;161;178;259;312;383;390;510
49,7;17;105;198;215;340;356;409;586;593
50,46;109;123;145;189;329;360;363;482;543
52,69;92;186;207;291;414;432;465;470;489
54,36;40;239;252;290;330;405;507;516;628
59,45;186;214;404;470;541;574;594;608;624
60,37;99;102;156;357;429;468;554;575;597
61,78;93;185;232;332;362;373;393;587;611
64,104;107;123;329;425;433;448;469;487;564
65,37;92;99;104;121;142;252;429;490;557
69,52;80;166;175;324;361;400;432;485;527
72,102;129;176;202;353;357;460;484;546;551
73,163;198;226;272;340;409;525;586;603;622
74,26;29;354;391;414;424;472;506;570;606
78,61;185;202;264;332;393;436;532;539;598
80,47;69;284;324;361;432;442;488;527;539
82,36;84;158;167;252;291;562;567;623;631
84,37;82;134;276;291;308;345;489;557;623
92,37;52;65;99;429;465;468;470;489;557
93,61;178;260;276;332;362;373;393;416;489
95,36;115;239;404;415;465;516;532;598;615
97,15;40;98;119;300;438;495;520;542;605
98,9;15;97;119;385;398;460;487;520;542
99,5;37;60;65;92;102;248;429;468;597
100,24;111;176;185;212;300;385;460;478;620
101,198;526;562;563;567;578;579;589;623;625
102,60;72;99;121;248;278;353;357;429;468
104,64;65;115;252;285;516;557;607;615;616
105,17;49;189;215;337;356;363;573;593;622
107,64;109;123;145;184;329;425;433;448;630
109,46;50;107;123;145;158;329;360;433;543
111,44;100;176;212;228;231;290;438;460;628
112,18;23;147;187;308;314;566;587;602;611
115,36;45;95;104;155;254;313;568;607;615
119,24;40;97;98;246;301;400;478;495;527
121,12;37;65;102;142;227;278;285;554;616
123,46;50;64;107;109;145;158;360;425;433
125,29;160;177;218;268;309;391;473;527;605
126,33;137;160;350;353;354;484;515;613;619
127,138;144;166;316;331;361;400;485;521;585
129,5;24;72;278;300;315;456;527;546;551
131,4;48;178;259;260;312;383;390;510;572
134,84;205;301;353;454;468;485;566;575;604
137,10;126;316;318;350;353;515;543;581;631
138,127;149;155;166;287;331;384;400;415;432
142,44;65;121;143;151;278;285;330;339;490
143,10;44;142;151;212;228;254;315;515;618
144,127;166;205;227;331;384;387;485;600;604
145,46;50;107;109;123;329;360;425;433;630
147,22;23;48;112;178;390;416;572;577;626
149,26;138;166;175;246;287;331;349;400;415
151,12;142;143;210;311;312;316;318;362;490
155,5;36;115;138;166;239;285;516;521;615
156,12;26;60;468;484;511;515;519;575;601
158,46;82;109;123;167;433;454;543;564;600
160,47;125;126;177;309;324;506;605;612;613
161,23;39;48;259;314;370;510;526;571;577
163,73;272;337;403;412;525;579;586;603;617
166,69;127;138;144;149;155;175;287;331;415
167,82;158;252;335;405;454;567;573;583;631
169,27;225;315;405;473;477;518;546;550;551
175,26;69;149;166;207;218;349;400;468;618
176,10;72;100;111;202;212;353;357;379;460
177,9;125;160;207;218;268;291;349;473;595
178,22;23;48;93;131;147;260;390;416;510
182,187;203;294;302;308;345;563;578;602;629
184,29;107;266;448;502;576;577;603;609;627
185,61;78;100;248;264;339;436;564;598;607
186,45;52;59;404;414;465;470;569;594;608
187,112;182;294;302;308;345;469;562;566;612
189,46;50;105;329;360;482;483;561;630;631
198,7;49;73;101;226;272;409;525;588;603
202,4;27;72;78;176;317;442;456;539;546
203,182;229;294;302;562;567;578;583;623;629
205,134;144;210;274;316;318;393;454;485;604
207,26;52;175;177;218;291;349;470;569;597
210,151;205;274;301;311;316;318;460;495;604
212,10;44;100;111;143;176;228;231;232;460
214,22;45;59;489;502;526;541;584;590;621
215,49;105;356;363;454;528;543;548;593;622
217,15;231;233;244;255;288;333;375;438;542
218,125;175;177;207;246;268;349;391;536;569
222,27;288;300;341;367;477;487;518;520;550
225,15;169;255;340;375;405;409;473;477;548
226,7;73;198;255;288;341;525;588;593;614
227,121;144;285;313;330;384;387;600;616;620
228,44;111;143;212;254;315;511;597;601;628
229,203;264;294;404;415;454;581;583;612;629
231,15;40;111;212;217;438;495;507;542;548
232,61;212;274;330;469;478;490;587;604;611
233,9;24;217;244;262;309;317;333;398;542
239,36;44;54;95;155;285;323;339;516;615
242,502;541;576;577;580;590;592;596;609;627
244,217;233;262;317;333;365;367;375;472;595
246,40;119;149;218;287;311;335;404;415;605
248,44;99;102;185;278;357;429;490;591;597
252,36;37;54;65;82;104;167;582;608;628
254,21;115;143;228;315;397;483;598;599;607
255,217;225;226;288;333;341;365;367;375;614
259,23;39;48;131;161;260;489;510;584;602
260,39;93;131;178;259;362;370;383;416;510
262,233;244;271;309;317;333;367;398;442;595
264,78;185;229;335;393;436;532;564;585;598
266,184;390;397;448;502;576;577;609;626;627
268,5;9;125;177;218;349;448;473;487;518
271,24;262;284;317;369;398;456;518;527;550
272,7;73;163;198;403;525;573;579;586;622
274,205;210;232;301;313;373;393;478;585;604
276,84;93;312;362;373;390;416;566;582;611
278,5;102;121;129;142;248;339;357;616;620
279,45;323;397;403;574;599;608;615;617;624
284,4;27;80;271;309;317;324;442;546;551
285,104;121;142;155;227;239;516;615;616;620
287,138;149;166;246;331;400;414;415;432;521
288,7;15;217;222;226;255;341;367;477;614
290,40;54;111;313;482;483;495;507;564;607
291,37;52;82;84;177;207;308;557;612;623
294,182;187;203;229;318;345;421;469;492;612
300,97;100;129;222;335;405;456;477;520;605
301,119;134;210;274;385;387;478;485;557;604
302,182;187;203;229;528;562;563;567;583;629
308,39;84;112;182;187;291;345;489;602;623
309,9;125;160;233;262;284;317;398;442;473
311,151;210;246;316;318;379;424;492;536;621
312,12;48;131;151;276;339;362;510;543;554
313,40;115;227;274;290;330;478;495;564;607
314,18;112;161;526;563;571;584;602;621;625
315,12;21;129;143;169;228;254;421;554;582
316,12;127;137;151;205;210;311;318;339;515
317,202;233;244;262;271;284;309;367;550;595
318,151;205;210;294;311;316;393;421;424;581
319,5;337;350;505;518;554;561;588;593;619
323,239;279;337;397;403;561;574;599;608;617
324,33;47;69;80;160;284;361;432;488;539
329,50;64;107;109;145;189;360;425;482;630
330,54;142;227;232;313;385;387;490;604;620
331,127;138;144;149;166;287;384;400;415;432
332,4;61;78;93;373;406;436;488;532;587
333,217;233;244;255;262;340;365;375;595;614
335,167;246;264;300;339;369;454;583;600;605
337,17;105;163;319;323;412;505;525;573;586
339,36;142;185;239;278;312;316;335;369;585
340,17;49;73;225;333;375;409;548;586;589
341,7;27;222;226;255;288;367;477;550;614
345,39;84;182;187;294;308;370;469;492;612
349,149;175;177;207;218;268;391;400;424;536
350,126;137;319;484;505;519;588;593;601;619
353,72;102;126;134;137;176;357;362;515;575
354,74;126;379;472;519;565;570;590;618;621
356,49;105;215;363;454;519;528;548;593;619
357,60;72;102;176;248;276;278;353;460;546
360,46;50;109;123;145;189;329;363;482;630
361,69;80;127;324;383;436;485;488;527;539
362,12;61;93;151;260;276;312;353;416;566
363,50;105;215;356;360;528;543;554;562;601
365,244;255;333;367;375;398;518;550;595;614
367,222;244;255;262;288;317;341;365;550;614
369,47;271;335;339;456;521;527;569;573;613
370,39;161;260;345;391;421;492;536;577;610
373,61;93;274;276;332;390;393;416;587;626
375,17;217;225;244;255;333;340;365;398;409
379,176;311;354;421;424;565;570;580;590;610
383,4;48;131;260;361;436;488;510;532;539
384,138;144;227;331;387;485;585;600;616;620
385,98;100;301;330;387;405;460;477;478;620
387,144;227;301;330;384;385;478;600;604;620
390,48;131;147;178;266;276;373;416;510;626
391,29;74;125;218;349;370;424;492;536;610
393,61;78;93;205;264;274;318;373;436;532
397,254;266;279;323;576;592;594;599;615;627
398,24;98;233;262;271;309;365;375;473;487
400,69;119;127;138;149;175;287;331;349;432
403,163;272;279;323;525;574;579;599;617;627
404,59;95;186;229;246;465;470;472;569;598
405,54;167;169;225;300;385;456;477;518;573
406,22;33;47;332;472;488;563;571;598;613
409,49;73;198;225;340;375;507;568;603;622
412,17;163;337;507;568;573;579;586;617;622
414,52;74;186;287;470;506;521;569;606;618
415,95;138;149;166;229;246;287;331;521;600
416,93;147;178;260;276;362;373;390;611;626
421,294;315;318;370;379;469;492;580;587;610
424,29;74;311;318;349;379;391;515;536;606
425,46;64;107;123;145;329;433;564;607;630
429,60;65;92;99;102;248;468;490;591;597
432,52;69;80;138;287;324;331;400;465;527
433,46;64;107;109;123;145;158;425;600;630
436,78;185;264;332;361;383;393;488;532;539
438,15;40;97;111;217;231;495;507;542;548
442,4;27;80;202;262;284;309;546;551;594
448,29;39;64;107;184;266;268;469;576;577
454,134;158;167;205;215;302;335;356;583;605
456,4;24;129;202;271;300;369;405;487;518
460,10;72;98;100;111;176;210;212;357;385
465,52;92;95;186;404;432;470;489;521;532
468,37;60;92;99;102;134;156;175;429;597
469,64;187;232;294;345;421;448;492;576;587
470,52;59;92;186;207;404;414;465;569;608
472,10;33;74;244;354;404;406;594;606;613
473,125;169;177;225;268;309;398;546;551;595
477,15;169;222;225;288;300;341;385;405;520
478,100;119;232;274;301;313;385;387;585;604
482,50;189;290;329;360;483;564;603;607;622
483,21;189;254;290;482;561;564;573;630;631
484,72;126;156;350;515;519;575;588;601;619
485,69;127;134;144;205;301;361;384;557;585
487,4;9;64;98;222;268;398;456;518;520
488,33;47;80;324;332;361;383;406;436;532
489,52;84;92;93;214;259;308;465;557;602
490,44;65;142;232;248;330;357;429;511;575
492,294;345;370;391;421;469;495;536;542;610
495,40;97;119;210;231;290;311;313;438;536
502,184;214;242;266;541;576;577;592;609;626
505,5;319;337;350;519;561;569;574;594;619
506,26;29;33;74;160;414;521;581;606;612
507,40;54;231;290;409;412;438;548;568;622
510,48;131;161;178;259;260;312;383;390;572
511,12;44;156;228;490;566;575;591;597;628
515,10;126;137;143;156;316;353;424;484;618
516,5;36;54;95;104;155;239;285;599;615
518,169;222;268;271;319;365;405;456;487;550
519,156;350;354;356;484;505;528;565;601;619
520,9;15;97;98;222;300;477;487;542;605
521,21;127;155;287;369;414;415;465;506;561
525,17;73;163;198;226;272;337;403;586;593
526,18;101;161;214;314;563;578;596;624;625
527,24;69;80;119;125;129;271;361;369;432
528,215;302;356;363;519;562;565;601;619;631
532,78;95;264;332;383;393;436;465;488;539
536,29;39;218;311;349;370;391;424;492;495
539,47;78;80;202;324;361;383;436;532;613
541,21;45;59;214;242;502;592;609;624;627
542,15;97;98;217;231;233;438;492;520;605
543,12;46;50;109;137;158;215;312;363;554
546,27;72;129;169;202;284;357;442;473;551
548,17;215;225;231;340;356;438;507;622;628
550,169;222;271;317;341;365;367;518;573;614
551,9;27;72;129;169;284;442;473;546;588
554,5;12;60;121;312;315;319;363;543;601
557,37;65;84;92;104;291;301;485;489;616
561,21;189;319;323;483;505;594;599;627;630
562,82;101;187;203;302;363;528;567;583;589
563,101;182;302;314;406;526;578;584;623;629
564,64;158;185;264;290;313;425;482;483;607
565,21;354;379;519;528;570;580;590;603;610
566,112;134;151;187;362;511;582;587;591;621
567,82;101;167;203;302;562;583;589;623;629
568,45;115;409;412;507;579;582;589;617;628
569,24;186;207;218;404;414;470;505;521;594
570,21;29;74;354;379;565;603;610;612;618
571,22;23;161;314;406;572;584;590;602;625
572,18;22;23;131;147;510;571;590;611;625
573,105;167;272;337;369;405;412;483;550;622
574,59;279;323;403;505;594;599;608;617;624
575,60;134;156;353;484;490;511;591;601;628
576,184;242;266;397;448;469;502;577;609;626
577,39;147;161;184;242;266;370;448;502;576
578,18;101;182;203;526;563;584;589;625;629
579,17;101;163;272;403;412;568;589;608;617
580,22;242;379;421;565;587;590;592;596;598
581,26;33;137;229;506;606;612;613;618;631
582,252;276;315;566;568;589;591;596;621;624
583,167;203;229;302;335;454;562;567;629;631
584,214;259;314;563;571;578;591;602;611;625
585,127;264;274;339;384;478;485;600;616;620
586,17;49;73;163;272;337;340;412;525;603
587,61;112;232;332;373;421;469;566;580;611
588,7;198;226;319;350;484;551;593;595;619
589,101;340;562;567;568;578;579;582;628;629
590,22;214;242;354;379;565;571;572;580;621
591,248;429;511;566;575;582;584;597;611;621
592,242;397;502;541;580;596;609;624;626;627
593,7;49;105;215;226;319;350;356;525;588
594,59;186;397;442;472;505;561;569;574;599
595,7;177;244;262;317;333;365;473;588;614
596,18;242;526;580;582;592;609;624;625;626
597,60;99;207;228;248;429;468;511;591;618
598,10;22;78;95;185;254;264;404;406;580
599,254;279;323;397;403;516;561;574;594;615
600,144;158;227;335;384;387;415;433;585;616
601,156;228;350;363;484;519;528;554;575;619
602,112;182;259;308;314;489;571;584;623;625
603,73;163;184;198;409;482;565;570;586;610
604,134;144;205;210;232;274;301;330;387;478
605,47;97;125;160;246;300;335;454;520;542
606,10;26;33;74;414;424;472;506;581;613
607,36;104;115;185;254;290;313;425;482;564
608,45;59;186;252;279;323;470;574;579;617
609,184;242;266;502;541;576;592;596;624;627
610,29;370;379;391;421;492;565;570;603;621
611,18;61;112;232;276;416;572;584;587;591
612,26;160;187;229;291;294;345;506;570;581
613,33;47;126;160;369;406;472;539;581;606
614,7;226;255;288;333;341;365;367;550;595
615,95;104;115;155;239;279;285;397;516;599
616,104;121;227;278;285;384;557;585;600;620
617,45;163;279;323;403;412;568;574;579;608
618,10;26;143;175;354;414;515;570;581;597
619,126;319;350;356;484;505;519;528;588;601
620,100;227;278;285;330;384;385;387;585;616
621,39;214;311;314;354;566;582;590;591;610
622,73;105;215;272;409;412;482;507;548;573
623,82;84;101;203;291;308;563;567;602;629
624,45;59;279;526;541;574;582;592;596;609
625,18;101;314;526;571;572;578;584;596;602
626,18;147;266;373;390;416;502;576;592;596
627,21;184;242;266;397;403;541;561;592;609
628,44;54;111;228;252;511;548;568;575;589
629,182;203;229;302;563;567;578;583;589;623
630,107;137;145;189;329;360;425;433;483;631
631,21;82;137;167;189;483;528;581;583;630
